sec,nanosec,pos_x,pos_y,pos_z
1778876343,959033991,0.0,-0.0,0.0
1778876344,159353585,0.0011891772492246785,0.00022552615671141536,0.001999999886293275
1778876344,358445764,0.004684052099140983,0.0005861472228455523,0.007999999380637102
1778876344,559100347,0.0037806690881439834,-0.0008694153116053004,0.00799999973200559
1778876344,759195990,0.0037475643984301557,0.0006351746840268834,0.008999999305531884
1778876344,958421108,0.003711234971789577,0.00047719903978022543,0.0070000009223570095
1778876345,159236213,3.4717031321592916e-05,-0.0006733058672716051,0.0029999999666311464
1778876345,359021944,-0.0002163605717695702,-0.00011657526569571188,0.003999999468494522
1778876345,560325987,0.0014386426105145456,-0.0011624877894172005,0.005999999612093305
1778876345,764910540,0.0024477881749714,-0.0008955635895393779,0.003999999303930055
1778876345,959351233,0.0018794244267053358,0.003227078353352564,0.00399999955645459
1778876346,159624951,0.003318067813738179,0.002064589258269879,0.005000000174400976
1778876346,358746605,0.0010438620627253577,-0.00040638033337893386,0.0019999995918883033
1778876346,558927478,-0.0015476291334057648,0.0006885597220557113,-0.0009999998533433323
1778876346,758507824,-0.002269368519337671,2.2879664205618737e-05,-0.00299999952037097
1778876346,958072640,-0.0030605411324499377,0.000703812512604174,-0.004999999750008527
1778876347,158865753,-0.0027004774288798433,0.0006210109144721275,-4.24416846936046e-10
1778876347,358254008,-0.005688360884578365,0.001640776492012605,-0.003999999867202745
1778876347,559066257,-0.004243269795006178,0.0038034200520694348,-0.005999999276336383
1778876347,759312864,-0.00993163083307627,0.005444197664295483,-0.014000000892947046
1778876347,956596616,-0.007482230245607551,0.005379915997730896,-0.01100000112778022
1778876348,156903867,-0.005358177781844257,0.004725131639424163,-0.007000001196875344
1778876348,360998390,0.0053016415428053295,0.0032717475324925555,-0.004999999291929526
1778876348,556658754,0.05748744394295297,-0.002242175908281116,-0.012000000679655065
1778876348,756169749,0.11604379357767754,-0.01055173889688812,0.0029999987242746926
1778876348,955462605,0.16491066788922734,6.938893903907228e-18,-0.016000002174541172
1778876349,155936388,0.1995720094180907,0.004004975655958247,-0.014000004636204016
1778876349,353997250,0.2164481395406781,0.013097884357997948,-0.008000004484735881
1778876349,556273489,0.22882830964571257,0.02571965944688097,-0.00700000457135698
1778876349,757245317,0.22550379527110948,0.020329937465506154,0.004999995689214887
1778876349,956271332,0.21137167134744236,0.033060662580596124,0.00899999606588836
1778876350,157434340,0.2098321030817044,0.03790563678352862,0.016999997343592463
1778876350,359259531,0.20599651085959478,0.04760321411643333,0.014999997244793908
1778876350,559603200,0.2039644620246278,0.058549348738155205,0.009999995870510023
1778876350,758484272,0.20252581923202825,0.059711838842127496,0.003999996549794063
1778876350,959945290,0.20803576049681582,0.058943746355238615,0.007999995071265267
1778876351,159328435,0.20774512973711404,0.05767993370923947,0.013999995649179767
1778876351,359341593,0.20843054138519926,0.05818763776962152,0.019999996112896018
1778876351,559059788,0.20756348592505433,0.05689005263651586,0.017999996358066997
1778876351,761510033,0.20518835525916834,0.05810156796793434,0.011999996944051655
1778876351,959251956,0.20425025564664556,0.05731931232049509,0.008999995078504894
1778876352,158985870,0.20295370379773053,0.05745114031206561,0.01199999676112562
1778876352,359003216,0.20089908370067472,0.05675931340943069,0.008999997067515655
1778876352,559801208,0.19894861355347498,0.05404756502887011,0.008999996401853658
1778876352,758961795,0.1992755731534056,0.05546935258360188,0.01499999585007182
1778876352,959561175,0.20014262749574957,0.0567669391814979,0.012999997585555173
1778876353,159674521,0.20007158251515866,0.05728226876959047,0.010999996582797877
1778876353,357678476,0.19704414588633365,0.05648149237137435,0.012999996268637695
1778876353,559259509,0.1975430753276935,0.053705463848253296,0.010999996787202773
1778876353,759573823,0.19883317896668867,0.050248503401820625,0.00599999611701274
1778876353,958798160,0.25489337402798656,0.017896009817641653,0.011999994689281243
1778876354,159096774,0.309785350361312,-0.003875327505398471,-0.012000007720455924
1778876354,359377545,0.4071090563192099,-0.008458824137336701,-0.018000013181512092
1778876354,560409256,0.5252196162818895,-0.030630007436626625,-0.012000022254861048
1778876354,759125369,0.6542160295755617,-0.049150299060747055,-0.004000034114365503
1778876354,959733074,0.7484444788761115,-0.05235667835540023,-0.002000045839164133
1778876355,155963749,0.7811521260004335,-0.05272601743939413,0.005999952488619065
1778876355,356387067,0.8078485390689978,-0.06934405254561858,0.011999946921180227
1778876355,555931034,0.8551379043380156,-0.05493659883458979,0.01799994312663039
1778876355,758659322,0.9240820381355948,-0.07494949521909056,0.009999931597284462
1778876355,956713100,0.9648402792497985,-0.08482139200016067,0.015999925036937035
1778876356,156053115,1.0505991711484894,-0.0902383524990096,0.018999912044379286
1778876356,357267318,1.1262084602076474,-0.09115897765864736,0.024999898889884742
1778876356,556797710,1.2157229771039746,-0.09178434880918251,0.028999882360385476
1778876356,757542873,1.2997243282208706,-0.09330419472555793,0.029999866965291555
1778876356,958578251,1.391370959315701,-0.09042793633468355,0.02899984772302122
1778876357,159318345,1.4497787705829253,-0.1010319735796269,0.03399983311492538
1778876357,359491474,1.5278326195869323,-0.1045107265165966,0.021999814119552652
1778876357,559881430,1.6344937927792071,-0.1237163110825554,-2.1088004820146722e-07
1778876357,757057730,1.713681142157133,-0.1371029135606783,-0.015000232774754263
1778876357,955922522,1.8135746278823355,-0.1725495658746809,-0.0210002606848001
1778876358,156520990,1.88572127815277,-0.1572051539123976,-0.04100028267110967
1778876358,356367044,1.9530845663942717,-0.1379331191388417,-0.04600030305115399
1778876358,557795150,1.9829140653341875,-0.1178472331763526,-0.05300031130335314
1778876358,756869655,1.9879315264284887,-0.11251416626162569,-0.05000031200222066
1778876358,957729424,1.9951125942681063,-0.10601534204280111,-0.045000315310784744
1778876359,158361093,2.0126693015697263,-0.09890858210192283,-0.03500031989905761
1778876359,360034510,2.0247668974525,-0.08339420626199101,-0.0510003232516274
1778876359,557096616,2.0759039996408273,-0.09099560083938601,-0.05200033969882378
1778876359,757733626,2.1379704796383616,-0.07250146501865673,-0.06700035975919172
1778876359,958880574,2.1903394256363202,-0.0393024469168865,-0.07000037780215962
1778876360,157816569,2.2714925159002846,-0.02353422494676538,-0.05600040729013134
1778876360,359892601,2.3482174618774816,-0.006415032349099126,-0.0540004343070446
1778876360,556774629,2.425483247803594,0.029541487437055647,-0.06900046363125589
1778876360,757212125,2.521915614298883,0.04828293318511445,-0.049000501532155294
1778876360,957415029,2.603490990086322,0.040335075764837525,-0.05800053391209259
1778876361,155655328,2.69967711044615,0.062127098983492446,-0.0560005741060734
1778876361,354857033,2.7934904567130583,0.10492345133356773,-0.06600061492337672
1778876361,556979162,2.8561171273608235,0.1522303045310247,-0.08300064371398652
1778876361,758282884,2.914732271464322,0.19280845280641223,-0.0710006710100759
1778876361,957486913,3.0089881332535486,0.20373387352527184,-0.05700071608493684
1778876362,157213623,3.1139700117527016,0.21019672874420736,-0.06400076698287038
1778876362,357106365,3.1875391901040073,0.21606581651149426,-0.061000803495695255
1778876362,558243174,3.2620173328950965,0.24484584223378392,-0.06900084177229004
1778876362,755681126,3.334081661160152,0.25488659793840096,-0.06400088069543441
1778876362,955160953,3.4379454098215168,0.2606085976147634,-0.06900093674488095
1778876363,154198539,3.497620628189779,0.2720014114064985,-0.0920009693040309
1778876363,356292144,3.573351694915746,0.3152967469359531,-0.08300101398073267
1778876363,557128338,3.6446587057593356,0.343475372166415,-0.08000105571225591
1778876363,756267515,3.7409271510086195,0.3705710365324927,-0.08500111285820977
1778876363,954712358,3.8215877586256624,0.39244040941659397,-0.07700116163705717
1778876364,155791609,3.8869771512694444,0.4154929716080925,-0.07000120266979404
1778876364,354816701,3.962763132158128,0.44996014380171734,-0.07700125282255743
1778876364,554669759,4.049099959536178,0.48250000353677847,-0.06300130855483776
1778876364,753758672,4.134661722389106,0.5240336220370719,-0.0710013673974792
1778876364,955020355,4.201888511202198,0.5657916788898517,-0.0710014150428635
1778876365,152965018,4.283044712812676,0.6203142289476591,-0.0700014746921298
1778876365,353388918,4.352656412183854,0.6287566913681545,-0.07100152221259459
1778876365,554807456,4.424220929509585,0.6597037095534167,-0.0960015739099167
1778876365,755274757,4.477520779962497,0.671398309491445,-0.09300161403410256
1778876365,953306955,4.561848229034842,0.6894304833084748,-0.09200167539637194
1778876366,155103413,4.642316647940891,0.7236525136057634,-0.10200173686869207
1778876366,358463216,4.702550368771257,0.8001185332706291,-0.08500179032750244
1778876366,557745592,4.771054258461617,0.8688611359962316,-0.08300185184755104
1778876366,754227839,4.8359268735195275,0.9226373794310194,-0.08800190694427235
1778876366,954929681,4.882722131564375,0.942314689671244,-0.1050019458966227
1778876367,154641092,4.94819945780829,0.992126273599051,-0.08600200414763037
1778876367,354868583,5.0135452091749775,1.029825963872887,-0.0880020614951047
1778876367,553307826,5.077704138974269,1.087092937472505,-0.10200212258222163
1778876367,751906979,5.143824095267114,1.1339291144820582,-0.08800218417629457
1778876367,954143292,5.204545565177777,1.1647083520530703,-0.07700223854851673
1778876368,153507381,5.240471726994619,1.245100895449007,-0.11100228171428261
1778876368,354162255,5.2696593465435795,1.2871237003864149,-0.11500231503950609
1778876368,555192013,5.3317693752774185,1.3280624535903156,-0.10200237495037001
1778876368,754941466,5.384127788620436,1.3744039977322058,-0.109002428809573
1778876368,955231484,5.4745238016217135,1.419649512122986,-0.06600251682382474
1778876369,154944018,5.532686082155869,1.43105755782325,-0.11100256904024342
1778876369,354760797,5.583093167278953,1.4928175977432299,-0.11800262612660939
1778876369,555729400,5.622863117217816,1.5305772146009746,-0.1170026713526302
1778876369,758413084,5.698495742195814,1.5602560567376573,-0.10100274580268698
1778876369,957234905,5.745449980415499,1.6061770576102272,-0.10400279863080542
1778876370,155664329,5.776843120709863,1.670978964103643,-0.11600284428226226
1778876370,356338298,5.836553725645993,1.7377517581397048,-0.11100291628005188
1778876370,558309984,5.884787540219492,1.7933583447826411,-0.10900297675187831
1778876370,759177497,5.910184715655861,1.8683546349691695,-0.11500302211098301
1778876370,957969011,5.964494467424047,1.8992776777672113,-0.11200308040619555
1778876371,156269513,6.059239479741218,1.939531120575401,-0.10700318229270067
1778876371,356808399,6.090958828922956,1.9867932859551816,-0.11700322896716431
1778876371,557198766,6.146052444131455,2.031840507732796,-0.11700329512675722
1778876371,758626781,6.169777737609321,2.080608356438118,-0.12400333267883479
1778876371,956789364,6.191684142570919,2.1387763512203786,-0.10800337391047776
1778876372,156359480,6.248570020164721,2.1792531523438647,-0.10300344289465624
1778876372,355442141,6.285159996568395,2.1932934204578896,-0.12100348462962973
1778876372,556446922,6.344522698143276,2.2478377480324077,-0.10300356267073907
1778876372,755518913,6.374035662374377,2.290451049944897,-0.11300360675334886
1778876372,955448304,6.429373809878207,2.368708175509861,-0.10900369170690372
1778876373,154953418,6.4671278216028325,2.425726738303281,-0.1260037507285099
1778876373,354991433,6.515685380337228,2.481092544619268,-0.1170038224521166
1778876373,555004491,6.565331281913744,2.503274586849516,-0.12000388144704077
1778876373,757028977,6.612186207620148,2.553709343132086,-0.12600395020342825
1778876373,956653165,6.675760682664836,2.606786119350738,-0.1140040372477813
1778876374,156224874,6.722684288094648,2.636912738818723,-0.11800409973068327
1778876374,356296743,6.7556549631308265,2.6978589312518304,-0.10800415970494592
1778876374,555993006,6.773871063720429,2.7663563903516364,-0.12500420792158007
1778876374,755017838,6.852191184245256,2.8258557216698996,-0.09900431766212847
1778876374,953829350,6.896369813714485,2.889380725084724,-0.11200439387183447
1778876375,155328899,6.931127904890804,2.9432626460459734,-0.10700445596283359
1778876375,353653977,6.983897245106271,2.99716089975414,-0.09700453992875024
1778876375,555065332,7.042735967734975,3.060142247335738,-0.09200463398865688
1778876375,757907112,7.087295720394058,3.0972993540347487,-0.1050047018639586
1778876375,956048195,7.143432363232807,3.1600704343816446,-0.09100479452991372
1778876376,159146717,7.180956383210425,3.191360636130895,-0.08700485442184469
1778876376,358775855,7.2260190719783495,3.2463658174505197,-0.0790049319363133
1778876376,560188451,7.291104094700802,3.2796345256008586,-0.06700502305204514
1778876376,757422580,7.326762430728153,3.2962176656873234,-0.07400507284703206
1778876376,958257853,7.363048790313006,3.339435625793416,-0.0810051367709308
1778876377,156818082,7.405384435025269,3.3627997639638636,-0.0820051985227912
1778876377,356518934,7.45943902804048,3.4107472004676236,-0.0860052888541718
1778876377,556824502,7.509911581181998,3.450536521863064,-0.08500536722245311
1778876377,758181644,7.549201203686456,3.482086020746233,-0.082005431710519
1778876377,956404861,7.579473114120795,3.507392733592262,-0.07500548225250858
1778876378,156873134,7.62392549862872,3.5449071927668343,-0.0840055551285177
1778876378,355609525,7.679831343335191,3.562988370357438,-0.09200563309491949
1778876378,554918891,7.732162357313006,3.5951980909636285,-0.09400571388198387
1778876378,753700547,7.786101486691539,3.639346450322938,-0.12000580541880224
1778876378,953213295,7.843310338512402,3.660620931318774,-0.12200588661951395
1778876379,152343125,7.906892114851671,3.6988925813419233,-0.11900598770611914
1778876379,353977217,7.9337312712869394,3.737297168688765,-0.1190060423837691
1778876379,553989444,7.962482113274272,3.7955544874678466,-0.11100611490179535
1778876379,752917995,8.00629994371803,3.840200767725548,-0.10800619623605634
1778876379,953913749,8.056737032614112,3.8617018714353093,-0.10000627284705743
1778876380,153328624,8.113727080226683,3.9001587426563877,-0.08500636804465289
1778876380,353511240,8.158748683492142,3.915420318153596,-0.09200643535829123
1778876380,553827027,8.212846062509092,3.9668508576330836,-0.09100653599615427
1778876380,754055640,8.241231233637166,4.003735599099437,-0.09300659668338129
1778876380,953850498,8.276695699679797,4.068931884706075,-0.09200668387790456
1778876381,156086170,8.324988508496306,4.099242610392154,-0.1030067665314518
1778876381,355720367,8.38666344729969,4.120155377607596,-0.100006860939573
1778876381,555825117,8.408703015051746,4.191266519354333,-0.10500693649830728
1778876381,757922220,8.452258494192275,4.230650553182691,-0.09300702079412027
1778876381,954493494,8.468799490794966,4.271256999814129,-0.10700706815898275
1778876382,154827515,8.52657104853999,4.304045245414305,-0.08500716764087324
1778876382,355476087,8.564749844825728,4.320048774244279,-0.08100723048022385
1778876382,557015090,8.601271153721205,4.354397164419595,-0.09100730289199088
1778876382,755079649,8.620443200300866,4.395729210322001,-0.1020073556536567
1778876382,955351263,8.649284510099024,4.426354810750486,-0.11300741705483741
1778876383,154366577,8.7061421345055,4.470830028404081,-0.10600752476449848
1778876383,354382130,8.72678441451422,4.4715719528026,-0.11300755433808041
1778876383,553624641,8.760289581808856,4.5109385498278085,-0.11700762899787698
1778876383,757745534,8.777847034724058,4.537006812302191,-0.12700767146408953
1778876383,954435702,8.805146423808687,4.552684586799838,-0.1250077200576878
1778876384,154793908,8.83675282971516,4.578848724815526,-0.12000778309174853
1778876384,356638366,8.879336238034572,4.637085322459971,-0.11900788398816786
1778876384,554245886,8.917589314215865,4.6542360906303095,-0.10900794960438631
1778876384,754569858,8.952651030406459,4.678940299563989,-0.11100801796763715
1778876384,953894093,8.97407955398586,4.713599206851428,-0.11500807231841748
1778876385,153726752,9.029039258205891,4.726741717904375,-0.10700816086076292
1778876385,354598303,9.07405840234404,4.759302246185412,-0.11000824889493277
1778876385,554538654,9.102568780300338,4.76788197547367,-0.11200829542265023
1778876385,756506273,9.14184065528586,4.790287350535757,-0.11800836820872052
1778876385,953725124,9.168499796389566,4.828733338706788,-0.10900843698679763
1778876386,153607386,9.1968155396431,4.866964688505639,-0.10900850483405788
1778876386,354473346,9.248738024858694,4.911410481627222,-0.1110086160306043
1778876386,555127739,9.280488132307104,4.937375239443812,-0.10700868070490754
1778876386,752944512,9.329641557607983,4.96565841765134,-0.11000877573946788
1778876386,951657298,9.371879503650982,4.994367591195381,-0.1140088596829294
1778876387,152059357,9.404195521301464,5.0335086732453505,-0.10100893921098075
1778876387,350977679,9.456851029452023,5.084439119290585,-0.10600905644753356
1778876387,551524680,9.496968164204892,5.11546565281185,-0.09800914111682824
1778876387,751376255,9.530198836093824,5.161881263619804,-0.09700922865979988
1778876387,951273776,9.54691989100572,5.202446316104906,-0.09500928657902641
1778876388,153414490,9.581554493511753,5.248372743914651,-0.0910093770132363
1778876388,351580189,9.655357688096531,5.300594229817894,-0.08500953157779145
1778876388,551061418,9.684853777567035,5.315933162261442,-0.09100958837806061
1778876388,751562944,9.708186766380157,5.348158137211126,-0.09800965143411977
1778876388,952408495,9.735158346458439,5.380544360902842,-0.09600971881552844
1778876389,152202823,9.779582475524988,5.422057242657795,-0.10000982292382776
1778876389,350984338,9.841403508389936,5.4625634308312545,-0.08800995231635111
1778876389,551510850,9.882894685077565,5.496267929364295,-0.0850100452152236
1778876389,751030582,9.901587169144607,5.550351392212661,-0.08701012263684627
1778876389,948854820,9.956893948518985,5.5938525970890405,-0.07801024501371678
1778876390,150893692,9.977675764379157,5.647954576344114,-0.0840103257876792
1778876390,350953047,10.013908083995426,5.681870442369038,-0.07701041396283514
1778876390,551342242,10.04305056904977,5.700617309238517,-0.07801047484020884
1778876390,750532886,10.086227471044918,5.711978495377154,-0.0800105550867527
1778876390,950012933,10.109134193657253,5.747295449625195,-0.0840106213403784
1778876391,151707609,10.124276965726155,5.772754681839595,-0.09201067000734753
1778876391,354381554,10.149874523151304,5.802462947200239,-0.07601073761831945
1778876391,553672897,10.17687434852682,5.830850720505353,-0.08701080557713015
1778876391,754406238,10.186906042754513,5.839854270840882,-0.09101082916622083
1778876391,953664048,10.189753460925095,5.840696453574056,-0.08301083586410885
1778876392,154038044,10.214595402084509,5.852282099686088,-0.07401088567724923
1778876392,353579426,10.232951339212779,5.86286431874769,-0.07701092545664379
1778876392,553464574,10.255875908219576,5.870233629478019,-0.07101096911272631
1778876392,752699541,10.311655795379886,5.897658272651455,-0.07501108496464104
1778876392,952052740,10.37448354122796,5.918638543735384,-0.10001120668247587
1778876393,152260524,10.468568971708947,5.971684753509184,-0.08901140824780862
1778876393,354002729,10.561018718769608,6.035752247259982,-0.09801162249570483
1778876393,554762359,10.658449639168495,6.10499484428448,-0.08401185051410476
1778876393,755490350,10.743285608079187,6.162330376566498,-0.08601204784064675
1778876393,954439450,10.782799683010257,6.1981528555348335,-0.07101215163138797
1778876394,154501180,10.818329577980656,6.2413784069664775,-0.0870122534717721
1778876394,355530867,10.87104323741259,6.2851432525312685,-0.0900123847726717
1778876394,556451139,10.904548416634064,6.324509838137587,-0.09101248273105567
1778876394,755231272,10.936637528818345,6.37667686604384,-0.09301258967126991
1778876394,956166682,10.980057355135694,6.420416661013303,-0.09601270823296693
1778876395,155530782,11.027389409247945,6.475398918342694,-0.10101284461915627
1778876395,355384891,11.082577515849067,6.513438483129233,-0.1010129786064593
1778876395,555880225,11.132338893996536,6.539419568468235,-0.08501309379840061
1778876395,757083669,11.17607194245976,6.596061134860765,-0.08001322854850912
1778876395,955387397,11.226533265507975,6.630031477377133,-0.05301335265617002
1778876396,155191442,11.289583773369426,6.691545224950131,-0.05601352706713314
1778876396,355579355,11.330590522987508,6.735507271303899,-0.06301364658921216
1778876396,555223310,11.374606142564703,6.789256236515307,-0.05701378268978807
1778876396,755809394,11.41998942710963,6.805266272076577,-0.06201388052039114
1778876396,955211575,11.485851857383702,6.849333977026087,-0.0670140459092945
1778876397,154148051,11.52225848860188,6.898844802241346,-0.08101416563324282
1778876397,354600815,11.568083299387634,6.938205906599572,-0.09801429167628228
1778876397,554206468,11.594899049963697,6.983102763011229,-0.09201438830053643
1778876397,753620441,11.626578057696042,7.046674610462864,-0.07501451733261444
1778876397,956080705,11.711530332656254,7.089678961017997,-0.06801472112352158
1778876398,156659285,11.753677910241436,7.108928074164195,-0.05801481911010509
1778876398,353867376,11.776981779356491,7.163281706577397,-0.06901492279740484
1778876398,554517881,11.827321934062834,7.209089347926507,-0.06801506830863424
1778876398,753989012,11.89972853386967,7.246994898528721,-0.0510152461442539
1778876398,952605557,11.929983416533233,7.282118968305948,-0.07901534216368056
1778876399,153926441,11.968875797971926,7.331723494816589,-0.08201547373517837
1778876399,354223593,12.002222775054419,7.363807917976663,-0.07601557204599807
1778876399,553892194,12.059421934880708,7.380094656810675,-0.09001569934820708
1778876399,754015720,12.142843547402606,7.413970145326747,-0.08901589616738281
1778876399,955487317,12.20293293499935,7.434582190147456,-0.08101603573169669
1778876400,153579969,12.234866284319246,7.4621680831264054,-0.08901612857302954
1778876400,353814974,12.30181537582473,7.509312514136589,-0.0850163140613871
1778876400,553701093,12.353556984077578,7.57192991401264,-0.09001648804669049
1778876400,753140324,12.388159255400483,7.638322430901455,-0.08801663462396014
1778876400,953553093,12.422748626175409,7.698064688655271,-0.08501677349729064
1778876401,153876614,12.446995460802121,7.7556944320135965,-0.08401689075267704
1778876401,353324651,12.492973712288236,7.799843882486504,-0.07001703431445794
1778876401,553210470,12.549421208182203,7.85572386837326,-0.06501721559045137
1778876401,753870674,12.585741454584989,7.916398721720089,-0.06801736081707332
1778876401,954513274,12.628440379877343,7.941342579661349,-0.078017475860924
1778876402,153626122,12.68408054640008,7.989590656460964,-0.08801764767690834
1778876402,354163925,12.74294111009434,8.045248379041208,-0.08501783575038058
1778876402,553564583,12.785964565650795,8.088912996685744,-0.08001797714222114
1778876402,756030508,12.809481615704168,8.141720657853712,-0.07001809189598518
1778876402,954647254,12.835259974324913,8.190349027482846,-0.05801820483397169
1778876403,154281210,12.88589882856411,8.241576882684889,-0.05701837386127373
1778876403,354867575,12.919426645871198,8.292581440725153,-0.032018508278696345
1778876403,556830325,12.96459673372464,8.347229221170284,-0.02701867098187627
1778876403,753977491,13.02958321569559,8.403973156362614,-0.02601887797381508
1778876403,956275781,13.097497788515712,8.466031604253406,-0.043019100001900235
1778876404,155690565,13.163440980810272,8.514571675660475,-0.03201930072805936
1778876404,356558909,13.199232511759988,8.544097953770384,-0.03201941385776941
1778876404,557669288,13.236637845656745,8.607018278126521,-0.009019575862824425
1778876404,756237523,13.278394628791984,8.647647566914353,-0.005019718401572781
1778876404,954675934,13.335864131468146,8.71044469998434,-0.022019923778853645
1778876405,155209840,13.398954294056734,8.73668721735884,-0.020020092535514067
1778876405,354298953,13.458612536481912,8.757897359874342,-0.031020246899473136
1778876405,553502281,13.510344542901858,8.815527097486626,-0.004020435235252862
1778876405,754214222,13.568393706076462,8.880020573908975,-0.01602064842326989
1778876405,954138132,13.621417354766743,8.935024587563806,-0.022020837897028578
1778876406,153713719,13.673349555168524,8.984458051177857,-0.013021019364354736
1778876406,354057328,13.713113829178056,9.037853990817664,-0.020021179800242095
1778876406,554450881,13.769829395396963,9.083359831263824,-0.010021367397484049
1778876406,753662984,13.828607623756932,9.133713894228237,-0.010021565859160475
1778876406,953748990,13.872591837487182,9.15270695301044,-0.008021690362139289
1778876407,153886622,13.934194024094591,9.2103954558976,-0.01802190759301503
1778876407,353261501,14.005048797763173,9.302548931255831,-0.029022195649183402
1778876407,554002988,14.025396292611426,9.355586449845948,-0.035022319323239515
1778876407,754610853,14.077299488003312,9.390056846097547,-0.015022484621358245
1778876407,954724550,14.117310862718147,9.422271979176774,-0.015022620746592885
1778876408,153831687,14.176386971776619,9.459084710503696,-0.03702280665443958
1778876408,352172334,14.216410510601357,9.478988603919895,-0.02402292460740174
1778876408,551700001,14.247621374833855,9.486947302954585,-0.02302300613640096
1778876408,751474330,14.263407565840593,9.491300840564174,-0.05802304851242823
1778876408,952117292,14.286434659415129,9.49581893185092,-0.05902310734914096
1778876409,151440725,14.315623206396717,9.519711480809075,-0.038023207619168
1778876409,352045825,14.357725528612853,9.552776411396826,-0.039023353112040304
1778876409,552943564,14.446750724920747,9.597006402122815,-0.034023620508132346
1778876409,755689445,14.5134035726152,9.621431626146068,-0.03702381037726532
1778876409,953036817,14.56243346066887,9.678851066540252,-0.026024008787834063
1778876410,151001989,14.585337751666525,9.731466959479302,-0.02302414063900926
1778876410,351683613,14.619798762115702,9.780759864379373,-0.034024294251960185
1778876410,552621558,14.678126537226373,9.821736667631258,-0.03102449197923196
1778876410,754037791,14.722843773403415,9.847214369696864,-0.033024634509101425
1778876410,953854981,14.765879386774794,9.878567723891905,-0.022024782805086573
1778876411,154253052,14.802162555309692,9.920123073473183,-0.021024930668696484
1778876411,353318020,14.8884347641605,9.99359503720774,-0.007025247323174
1778876411,554380499,14.933543545569192,10.01665405996195,-0.013025389948915667
1778876411,754422151,14.978561058537988,10.048383242769422,-0.029025545254351748
1778876411,953155736,15.033117051980646,10.076255625241412,-0.036025717498874954
1778876412,153144749,15.109674066936812,10.118196613795833,-0.024025965655993353
1778876412,355308677,15.163357318438097,10.160407796341094,-0.032026159228136564
1778876412,553477051,15.197685191565657,10.19675756342625,-0.025026299401976537
1778876412,752640884,15.245802028500767,10.247733750492914,-0.011026496894792182
1778876412,953066687,15.319363825318133,10.305499582974601,-0.016026765596471648
1778876413,152697047,15.354424763277226,10.31124222755951,-0.026026860492676107
1778876413,352505360,15.397907578440497,10.350310243560116,-0.03102702914917188
1778876413,553057681,15.423311313509272,10.391539825262777,-0.043027158047943104
1778876413,752898526,15.45387227876583,10.41727904416314,-0.031027271738049755
1778876413,951817028,15.50240243637577,10.458512962807117,-0.03602745847367217
1778876414,151694632,15.56723801597146,10.493169611319958,-0.030027673756915618
1778876414,352712858,15.61474449655094,10.526655053034098,-0.04102784535232917
1778876414,553279626,15.645311022086677,10.573849600772892,-0.04902799816220149
1778876414,754407167,15.68600298528623,10.60407858802328,-0.04402814764758567
1778876414,952553870,15.742787954665593,10.648237777059649,-0.049028363498885064
1778876415,153800595,15.792756750332686,10.688309199598711,-0.05502855247982197
1778876415,354596754,15.828399720513755,10.71554097706252,-0.06502868836679543
1778876415,553679255,15.872938446572151,10.778983088893444,-0.07502890530541695
1778876415,753414742,15.940080473607381,10.83273632791656,-0.07802916445547581
1778876415,953383446,15.993468288962156,10.871189866627967,-0.07302936311476405
1778876416,153147036,16.038483395610267,10.920218023945282,-0.06902956016558193
1778876416,352529330,16.068516329707958,10.970861932528932,-0.05702972312803567
1778876416,552995699,16.107777691977425,11.00640980112475,-0.06202988339326243
1778876416,754239970,16.164872677354587,11.061808200802016,-0.056030123460225845
1778876416,951675748,16.197313837231583,11.109735997548874,-0.04703028887862448
1778876417,151809312,16.237522159481234,11.169184058760614,-0.04303049580903817
1778876417,354715644,16.281512013229282,11.209632483928598,-0.03103068047354718
1778876417,552099995,16.31257586461804,11.253219723823594,-0.035030835183317066
1778876417,754594363,16.35558156904087,11.287740194818898,-0.039031006821294234
1778876417,955381205,16.379331191630943,11.311885484805364,-0.03303111032035133
1778876418,153188510,16.370683180700503,11.310547579266471,-0.046031086286994594
1778876418,355040562,16.35244745714503,11.30625824200674,-0.06703103130337151
1778876418,556039171,16.343403057721165,11.304845165317461,-0.0780310056400717
1778876418,754921496,16.351416453704374,11.313314849954581,-0.08503104201662648
1778876418,954804540,16.373461073107592,11.312736307277326,-0.07803109753567306
1778876419,152737872,16.433413314538303,11.29978109895342,-0.0610312283989094
1778876419,353763572,16.486425654447658,11.348966091935164,-0.07703145410381662
1778876419,553045497,16.53926121235442,11.399855064285218,-0.08403168111869252
1778876419,752371735,16.600761790607613,11.442264559197287,-0.06403191697594046
1778876419,950843880,16.67820522101424,11.495478497250788,-0.054032215093788416
1778876420,151481902,16.755375732170336,11.556572707979068,-0.05603252827359029
1778876420,354749742,16.83090830739415,11.571803695187949,-0.049032756346617745
1778876420,551826426,16.90525646592658,11.626394744606742,-0.045033052372266624
1778876420,753552752,16.981423517139724,11.67158564728614,-0.04503333742965321
1778876420,952455805,17.05197644892131,11.719564547066218,-0.05703361384005401
1778876421,153692972,17.10869118070051,11.783200587471331,-0.050033883187846406
1778876421,353293075,17.148796983327916,11.845499849387819,-0.04203410749307501
1778876421,552539694,17.195953861891283,11.903017292183176,-0.0490343410958447
1778876421,754260449,17.25772965219149,11.957339238254939,-0.05303461002907017
1778876421,952952526,17.308727006766517,12.007652994137999,-0.04003484213112163
1778876422,153376326,17.347022770853513,12.065378541328442,-0.04803505599113045
1778876422,351903924,17.418575209027683,12.10863669217372,-0.046035333387051125
1778876422,553781223,17.46749037795022,12.181218517974045,-0.06003560529729057
1778876422,753143790,17.520869291030415,12.233645865158797,-0.056035851753572175
1778876422,953901817,17.57091158801836,12.292994782921784,-0.03803610450458805
1778876423,151939966,17.617584111899816,12.36076982195119,-0.026036364193434025
1778876423,351678188,17.658550503250574,12.421041523096607,-0.025036594005973356
1778876423,553574433,17.70236429460405,12.482155389988442,-0.026036835196228125
1778876423,754951142,17.738700737758606,12.514051261222306,-0.0380369990618199
1778876423,954880864,17.79462589067823,12.579199493910929,-0.040037284153808805
1778876424,154974043,17.855301323966536,12.641924703515963,-0.034037576319190244
1778876424,354867366,17.921470555346968,12.69556898134558,-0.03203786956401444
1778876424,554017874,17.96542805396146,12.756483470967751,-0.032038115666341405
1778876424,752851758,17.99542546766071,12.825930922813486,-0.012038338864280185
1778876424,952668968,18.036950518065215,12.877092273067332,-0.019038559898818974
1778876425,152691845,18.08568812553686,12.932416553889896,-0.028038809416086607
1778876425,351845429,18.130046083692978,12.976938551342332,-0.028039025619075453
1778876425,554433793,18.1724801701187,13.051010844060315,-0.0220392974849295
1778876425,752574525,18.234594234012956,13.112573549200736,-0.021039600948844495
1778876425,952113733,18.309618122689184,13.162684582177167,-0.02103991995931409
1778876426,152903240,18.361000593325326,13.207254534918356,-0.005040160311195585
1778876426,352480540,18.42538326340957,13.249832851323383,-4.043566383948871e-05
1778876426,552742455,18.47849818504902,13.296166652833428,-0.0010406860774745397
1778876426,752299958,18.53314055550236,13.349966749375984,0.003959042644717137
1778876426,952562875,18.56942046711105,13.389859477615769,-0.010041145512574623
1778876427,152163298,18.609456060355363,13.43454381814208,-0.0070413577455452625
1778876427,352296833,18.664792726268715,13.474877782408326,-0.009041604170518802
1778876427,550927575,18.736143282408776,13.525500849352461,-0.023041920955008344
1778876427,750999013,18.803266838654846,13.551148468855727,-0.013042173592836548
1778876427,952556361,18.87263226129181,13.599733138845089,-0.008042481670780255
1778876428,151956919,18.934675342641675,13.624719424582516,-0.008042719050356695
1778876428,351937125,19.016866615647224,13.655717478832221,-0.012043031094918888
1778876428,552451355,19.07278938549449,13.701072904377458,-0.014043295081148877
1778876428,751408119,19.12723959894769,13.73013386910915,-0.029043521469546363
1778876428,950494076,19.173408355982712,13.761099283250314,-0.04204372698406189
1778876429,152438481,19.23530690689899,13.804415180550935,-0.03904400815564468
1778876429,351401588,19.3085054408514,13.860601207787166,-0.04004435175592125
1778876429,551060391,19.344669093095817,13.914825114924012,-0.04804457884873248
1778876429,751150433,19.37036436594218,13.976280078582857,-0.019044791385184112
1778876429,951644775,19.39761771356789,14.023903892955282,-0.013044978565154075
1778876430,151458930,19.455331096349845,14.06385759160502,-0.024045242479695084
1778876430,352558949,19.501079215927465,14.119370349245397,-0.03204550608801693
1778876430,552704076,19.546131509439846,14.150426229831941,-0.02704571144390755
1778876430,753107798,19.578494318737192,14.213674414476879,-0.02904595145735822
1778876430,952567396,19.630696982151605,14.272526483737408,-0.021046244847261697
1778876431,151340987,19.681913165682484,14.3056578537588,-0.007046476565341742
1778876431,352066583,19.722260407289916,14.362412691499161,0.008953270915796452
1778876431,552541549,19.79017019512985,14.421977231693829,0.004952925729568847
1778876431,752613768,19.83826038372892,14.477783083015488,0.009952649381999024
1778876431,952617829,19.86551451173477,14.507276624119436,-0.003047502583353179
1778876432,152444918,19.9006415576436,14.584193562474935,-0.00404778700245334
1778876432,352099844,19.946593957658376,14.652134178641926,0.0029519122278180987
1778876432,550510272,19.992234727736477,14.708004297353817,0.0019516414429325835
1778876432,751310729,20.02990086820374,14.738263764033091,0.0029514523323710407
1778876432,952766587,20.077627786202367,14.79248986421262,0.013951177142747184
1778876433,151814041,20.118812189926615,14.853709418714788,0.02295090589984561
1778876433,355106969,20.1906730685755,14.870283709086971,0.021950638882755058
1778876433,554651057,20.24700114910067,14.901740485985378,0.022950386164249714
1778876433,753886845,20.30289406156619,14.950263061136928,0.024950095100836123
1778876433,954876988,20.3731128707685,14.974533537415892,0.031949812315192894
1778876434,154438879,20.43160687862808,15.026948805519233,0.010949503311363351
1778876434,352338909,20.521316699436024,15.089816667781356,0.022949065382890765
1778876434,554713682,20.58599966449711,15.138646448189863,0.019948741083624988
1778876434,753137997,20.63408023209633,15.189464640483674,0.04194846417443365
1778876434,952091866,20.70659172623182,15.24431165308996,0.03394809860566639
1778876435,151377358,20.80052782980129,15.276101708261674,0.0239477170153668
1778876435,350834562,20.87332913943382,15.313250990584208,0.003947386827328536
1778876435,550857719,20.93454471380462,15.33876021050029,0.000947126722389946
1778876435,750473130,21.01552503901396,15.376856306700315,0.0079467661641619
1778876435,950968725,21.078301999490602,15.42728877905443,0.026946437777628063
1778876436,150255028,21.134636514877577,15.462070664071533,0.021946166856767313
1778876436,352210434,21.19508270046586,15.51802901011854,0.027945829589669735
1778876436,551682035,21.238887714047614,15.556024966149046,0.041945590500470864
1778876436,751444803,21.298711359356513,15.606803792468817,0.0159452663802222
1778876436,950681824,21.33783316204542,15.626083389974497,0.03194508831339782
1778876437,151394606,21.379556808835222,15.668217165969534,0.016944846749115783
1778876437,350607412,21.42264883992446,15.72866529554571,0.004944551016052401
1778876437,549510665,21.48105417404483,15.772451866191776,0.018944246923756403
1778876437,748906014,21.542410136472185,15.83319084789445,0.005943889309339312
1778876437,951243808,21.5989529146636,15.901024644502204,0.007943528185496262
1778876438,149917500,21.66305788120076,15.948989384835645,0.01594319129360411
1778876438,353003229,21.69889378622795,16.01992174434321,0.01994289212664846
1778876438,552086832,21.716016786233325,16.082017190846823,-0.010057321844654687
1778876438,750240368,21.794890000421148,16.14804241305183,0.00394224102895091
1778876438,950614223,21.861262769038852,16.195153018793377,0.024941894514434182
1778876439,150113326,21.907739877093423,16.273618069842236,0.018941535402603904
1778876439,349575290,21.967547509926714,16.31608415666944,0.027941219469964196
1778876439,550811124,22.03330576379804,16.36217161852872,0.00594087330213533
1778876439,750114269,22.070667506882053,16.402647211963668,-0.0010593601999833169
1778876439,949211798,22.130672149855123,16.435254498667668,0.01094034842296221
1778876440,148809496,22.177847589970817,16.48378574037954,-0.00705994151862388
1778876440,349098733,22.202079065112333,16.514972301329635,-0.036060104871048715
1778876440,549488448,22.28446100713789,16.569878241292997,0.008939464011829656
1778876440,751903487,22.328608281599898,16.598647243613552,0.005939234103840008
1778876440,951065798,22.381793405974513,16.66259588922973,-0.0010611187820472878
1778876441,151941977,22.428961595231023,16.725932251583856,-0.009061450142745286
1778876441,351240203,22.495440773917903,16.79081562379032,-0.026061856609616463
1778876441,552867232,22.547913091342522,16.84012479888655,-0.024062171468504978
1778876441,752102599,22.586347692847127,16.895157043298255,-0.044062452028147625
1778876441,952406233,22.67167298920332,16.94472872443412,-0.03706288793813517
1778876442,152215970,22.73786964995496,17.012504727673644,-0.0410633045861335
1778876442,352009586,22.79442861397701,17.051559593586067,-0.041063611470753436
1778876442,555647872,22.85631590563529,17.089056499768077,-0.032063933391006216
1778876442,754176092,22.896076209791655,17.158920063267463,-0.022064263754659308
1778876442,956583396,22.94663839952826,17.18920777939327,-0.03206452736975596
1778876443,156916666,23.01082002958264,17.258112518852577,-0.02706494492049938
1778876443,354921492,23.06756219897812,17.29878850587576,-0.04206526030954727
1778876443,557117190,23.11734529656614,17.35453763492295,-0.051065592263890736
1778876443,758267153,23.164473164543267,17.397091953803738,-0.0550658791487999
1778876443,955292650,23.233007060921466,17.4626672086717,-0.04606630767302544
1778876444,156635967,23.28887417951232,17.497889255096986,-0.0410666083360276
1778876444,357490485,23.34883449730365,17.526182196298706,-0.01106690661544718
1778876444,556096290,23.396591280145362,17.577241101366432,-0.0080672228389016
1778876444,756945098,23.461341273584495,17.642023205195233,-0.0020676399621475383
1778876444,955653466,23.495275157054508,17.698090522484826,-0.0020679203067288654
1778876445,154885598,23.540660828370715,17.770985019917504,0.002931709311818409
1778876445,357057210,23.61728402880687,17.80991670562117,-0.002068683018736195
1778876445,557246409,23.69894727518325,17.865819375005167,-0.010069141898958023
1778876445,758740188,23.743808955771,17.910059101213633,-0.027069433621184302
1778876445,956293967,23.798880847164227,17.962429737897327,-0.02206978702991158
1778876446,156954421,23.862796022018845,18.00544810046917,-0.03807014735489744
1778876446,355995955,23.950375256638683,18.065645506952787,-0.053070647518904224
1778876446,556450883,24.017389772219495,18.127910867575487,-0.04907107599080973
1778876446,754660704,24.06733110830953,18.19094215434494,-0.055071443363960526
1778876446,954805500,24.116696877847115,18.235809463920457,-0.05407175945445708
1778876447,154107062,24.171552378859964,18.2880635000581,-0.05707211617231067
1778876447,354720988,24.22196197618648,18.332524399383516,-0.06507243677946484
1778876447,554953729,24.268192163160457,18.357986797899365,-0.061072684843702874
1778876447,754945608,24.3291404748294,18.412831621189447,-0.06607307669368723
1778876447,953279152,24.360449862704094,18.47149853348433,-0.042073364219859855
1778876448,155211494,24.42908145581746,18.531728730100642,-0.03407380269296212
1778876448,353326217,24.47065496706064,18.57073674002755,-0.044074076342552004
1778876448,552868862,24.521336625426592,18.625447575866104,-0.05007442970565634
1778876448,752856673,24.580490365505085,18.665070084513694,-0.036074774017036404
1778876448,951473859,24.635995649817964,18.736635278758946,-0.061075197669586245
1778876449,153296095,24.684297386370627,18.790063823285067,-0.0550755421238911
1778876449,350572344,24.739161039071668,18.846474323003882,-0.037075922111869275
1778876449,551350469,24.797648678089125,18.895564469785388,-0.03707629620350872
1778876449,749787507,24.845682319141336,18.959367105717885,-0.045076671829507475
1778876449,950519155,24.897827683898477,19.007254473367098,-0.0430770173099404
1778876450,150668869,24.944203934262188,19.052310246322058,-0.049077333801736955
1778876450,352535619,24.997341500461886,19.110281954843217,-0.04207771657710957
1778876450,554471678,25.050198084927445,19.171977523282642,-0.04307810903108411
1778876450,752084409,25.111986826018537,19.232949643675255,-0.044078535428555554
1778876450,952735555,25.173329909484167,19.28703834105277,-0.052078941137855495
1778876451,153114811,25.22249066816287,19.337608077019514,-0.03807928757375656
1778876451,353274054,25.256332546681705,19.383384056693462,-0.036079560625825735
1778876451,554848204,25.31368025257695,19.439056907727636,-0.035079959107680025
1778876451,753429593,25.36046667749751,19.472707914687817,-0.030080247504212565
1778876451,952293443,25.418724200466954,19.533161432280135,-0.0350806647894224
1778876452,152385129,25.481355030805336,19.56400041921818,-0.03108101026889365
1778876452,354402641,25.556320771629174,19.62127692063012,-0.04108148699463676
1778876452,554254066,25.635229529124473,19.668498551377308,-0.03408194954128696
1778876452,754167257,25.694024704172982,19.70903504477993,-0.05008231103726324
1778876452,952974500,25.749067534027247,19.746442574675708,-0.05108264924216499
1778876453,152390357,25.795924137578297,19.79770844019486,-0.056082998548205865
1778876453,354163961,25.883398615277223,19.84096435968798,-0.029083487448950507
1778876453,552829849,25.94628369631582,19.872909134821697,-0.038083841413914854
1778876453,752742259,25.984958070838722,19.92156563172929,-0.0610841518973384
1778876453,952793569,26.038324963522328,19.94921244525447,-0.05208445827993735
1778876454,152457822,26.121120141304505,19.994376006118237,-0.04708493751492604
1778876454,354532772,26.189347204460088,20.05037454116345,-0.0580853940125472
1778876454,554746357,26.24056660925186,20.085168407547265,-0.05308571418961705
1778876454,752682364,26.319584282042765,20.13286390295987,-0.06408619143465266
1778876454,954308091,26.376588160493753,20.15984068301969,-0.05008651285115562
1778876455,154938579,26.43451873205104,20.18178065817294,-0.06308682291855838
1778876455,353733349,26.493733019946127,20.234030359010664,-0.048087233979513755
1778876455,553429782,26.54273547013257,20.277317859436913,-0.05608757587408064
1778876455,754960070,26.587880505989368,20.33762646235253,-0.07208795538262791
1778876455,951537666,26.634742792627335,20.41034770705984,-0.06408838406475503
1778876456,153546543,26.69042905108155,20.463741338402414,-0.062088787539572365
1778876456,353141656,26.755702213577308,20.501124871691147,-0.061089183011393544
1778876456,552371613,26.81747406674674,20.534822679705837,-0.055089551260151026
1778876456,752607079,26.88576338199717,20.530096265112135,-0.061089823690164025
1778876456,952358346,26.95684844628354,20.573794495321195,-0.05209026594632071
1778876457,152876613,27.02109068798385,20.618234684477965,-0.04409068165016805
1778876457,352732045,27.07060415592546,20.64643488506511,-0.05909098283507319
1778876457,552966218,27.123219299073448,20.713674811111005,-0.07309142410691116
1778876457,752607057,27.175893497347047,20.75561900573351,-0.06509178726676268
1778876457,952561616,27.23146745696834,20.806876075063155,-0.08309219123547429
1778876458,153235354,27.28292260812911,20.851761901881996,-0.07409255740806842
1778876458,353304478,27.327216879719963,20.91908584852607,-0.05409296851887113
1778876458,553121538,27.39116523627873,20.96059964329472,-0.052093379848891175
1778876458,751958978,27.476642244141487,21.014128236735544,-0.06409392409684678
1778876458,951897336,27.53722240427865,21.06489939690599,-0.07609435275996113
1778876459,152867492,27.581893671602316,21.122323111111413,-0.06409473732959547
1778876459,352628517,27.618575682351086,21.183746334959178,-0.06209509946199887
1778876459,553103773,27.691616832978724,21.25161162422084,-0.05809564114217913
1778876459,757037033,27.751664192810008,21.287701902801164,-0.06709602364040812
1778876459,952957886,27.78488368268401,21.36539020488467,-0.04709642682638204
1778876460,153290194,27.80106793838573,21.40774195015165,-0.044096640241081175
1778876460,353040859,27.857776219362822,21.46805271648101,-0.05109709048229405
1778876460,553857537,27.908289956675446,21.510493655729917,-0.06209745444316184
1778876460,754478857,27.94132688470715,21.568430476262204,-0.07209779565796737
1778876460,954816465,27.963536160374463,21.615550918075755,-0.06509805304150618
1778876461,155669891,28.014382570622068,21.643777301525052,-0.06609837258911
1778876461,357198145,28.066044381539154,21.683791991055248,-0.06209873381277475
1778876461,554734161,28.126929757988492,21.743308528693277,-0.061099205943314416
1778876461,755052362,28.18434932259504,21.817427533870944,-0.05709971390592017
1778876461,954127018,28.25652665247997,21.88565780200705,-0.05210026590201444
1778876462,153958756,28.32911396874187,21.942483165331648,-0.07910078457675418
1778876462,353566923,28.380161453630606,21.98147485287481,-0.06610114698213998
1778876462,553758226,28.42755489594168,22.030953899326107,-0.07910152897597733
1778876462,753553726,28.48564616011869,22.07996883960845,-0.07810195795517494
1778876462,953071013,28.525123051887725,22.133763384603323,-0.09010232134374085
1778876463,153459296,28.585167222066676,22.20528286291659,-0.08310283894766002
1778876463,354883264,28.638574604536963,22.25371180161217,-0.04410324718191383
1778876463,555928280,28.70560200350539,22.322627322530252,-0.0521037898458907
1778876463,754650143,28.757942710322183,22.35982453260684,-0.06210415644873457
1778876463,958517400,28.81228396863668,22.425503239514136,-0.062104631720611536
1778876464,157624416,28.866974047041104,22.485280216884973,-0.050105089830775995
1778876464,354205038,28.91879165717292,22.54987599239681,-0.04510555391070881
1778876464,554418663,28.975380536132825,22.585763672602287,-0.040105938521833195
1778876464,753338368,29.04275914050212,22.63147848065253,-0.0481064081031235
1778876464,954448116,29.08834748949316,22.678877738569795,-0.04710678537195001
1778876465,155101837,29.151813885256466,22.750441872729855,-0.039107329623764286
1778876465,353401347,29.203921991948064,22.816301349587654,-0.06410780294154073
1778876465,554416387,29.25104263423768,22.873660734714015,-0.06010822542475225
1778876465,755008973,29.318557740829682,22.93398131593564,-0.051108751671126385
1778876465,954039276,29.38873701763852,22.993522916978353,-0.03710928937373836
1778876466,151328929,29.44051340381353,23.018375086297464,-0.051109619865783884
1778876466,351147142,29.49858295188357,23.074713641017187,-0.03211009176352242
1778876466,551999666,29.53327807597732,23.133267065098718,-0.05011046329889268
1778876466,752050556,29.584577328328464,23.19066342730444,-0.060110910626319125
1778876466,951913281,29.630294805442972,23.230381729836438,-0.07011126761527287
1778876467,151929205,29.68370127413717,23.296940800976625,-0.05311175849167782
1778876467,353321303,29.714399385597495,23.3562470829766,-0.06811211962410013
1778876467,553661546,29.793396973957766,23.412097445198935,-0.05811269282311926
1778876467,753220591,29.872264585368505,23.456667214002096,-0.05011322543851904
1778876467,953217489,29.924630408315956,23.525295217109612,-0.03611372471231533
1778876468,151609823,29.954123203550033,23.576063164352913,-0.051114050780901366
1778876468,353068416,30.022155799444427,23.624621579937454,-0.045114550805489984
1778876468,554857309,30.074625686378308,23.654137865695013,-0.05511490819412934
1778876468,752864631,30.13610288881717,23.665947771833046,-0.05111524270648715
1778876468,952981063,30.196558859467984,23.72689376181226,-0.0341157560640486
1778876469,152540780,30.263649176929608,23.791137476719754,-0.05511631366326597
1778876469,353032497,30.321487873258267,23.83987793937323,-0.030116770850161956
1778876469,554553968,30.377093373338205,23.888799139388627,-0.03811721875410079
1778876469,754649701,30.43396561874624,23.940755709516424,-0.03211768625589073
1778876469,953030494,30.489663222433453,23.999968297477924,-0.024118174851878393
1778876470,154170198,30.55488060446698,24.06431010009186,-0.0371187305818097
1778876470,353512336,30.619452211842468,24.092873067870094,-0.03911914751530787
1778876470,554970508,30.696542845313346,24.16845623361928,-0.04211980474229193
1778876470,752822127,30.76294549042032,24.21239957835527,-0.03312029211279288
1778876470,952302515,30.8351849993178,24.256996567130834,-0.032120811902508706
1778876471,152092344,30.883053214144226,24.291230384846184,-0.03412117377655477
1778876471,351981339,30.929728187510072,24.341706323780443,-0.03912159169510154
1778876471,552491791,30.968770857893723,24.394436497935718,-0.02912198421196166
1778876471,754866344,30.98934038057525,24.46904580401936,-0.04012236888486065
1778876471,953167698,31.062060200571704,24.51985285424402,-0.04712291932814594
1778876472,153483324,31.12124935899726,24.540671677903866,-0.06412328761320296
1778876472,353123422,31.18175535815511,24.590295642541992,-0.05512377572902594
1778876472,552904364,31.22621498937019,24.650096487922514,-0.07212422376891858
1778876472,754635509,31.269385437938386,24.695224150545737,-0.07012461128894287
1778876472,954370635,31.322447135159532,24.714125546042528,-0.07212494423338889
1778876473,154140687,31.37984577867528,24.740346161460536,-0.06512532873488652
1778876473,354095396,31.439604193387336,24.776003929121437,-0.06012576453176166
1778876473,555497743,31.490071178141804,24.83142944126913,-0.05612622794370914
1778876473,754108978,31.577979896073046,24.8757496330934,-0.05712683685505304
1778876473,953971684,31.634636594520508,24.946551123275192,-0.048127393129293594
1778876474,153488070,31.704168478838234,25.043666036386377,-0.017128120049704876
1778876474,356832714,31.79554131986831,25.109644152855296,-0.030128834806024685
1778876474,553853623,31.85152295340344,25.166795289148133,-0.05312934063885777
1778876474,754068370,31.905782688644653,25.209040100122557,-0.056129777910458145
1778876474,954400918,31.976342185241997,25.26034399890844,-0.052130335639953174
1778876475,152900033,32.06175301173039,25.31688170505917,-0.062130990004718
1778876475,355023846,32.12604610394551,25.368961331867826,-0.06013152096977947
1778876475,554806441,32.18628482905252,25.410829156650955,-0.06313199079224852
1778876475,752816357,32.24169099095555,25.486908134030823,-0.05513257496344437
1778876475,953882944,32.29300723046102,25.534487084748577,-0.061133025492891235
1778876476,152552779,32.36380077385245,25.595051592119447,-0.07113362838896542
1778876476,352010975,32.43468722449087,25.647777261567263,-0.06913420109526669
1778876476,553112868,32.49774666689977,25.695316925246363,-0.08113471406332273
1778876476,753591010,32.55215824920708,25.741518814787877,-0.07013517828467108
1778876476,952101436,32.60571647688424,25.812034865102767,-0.06013573729926236
1778876477,153278100,32.65505958632992,25.88235581638876,-0.07313627438577797
1778876477,353513966,32.70624819389358,25.938446895597025,-0.09313676560376294
1778876477,552719708,32.75807150695143,25.987406285692096,-0.0841372302194614
1778876477,752593886,32.81571797023881,26.048499293783024,-0.07913777633527097
1778876477,951885609,32.893380414030844,26.121622529585274,-0.04013847632388945
1778876478,152313116,32.95301116989883,26.16579239252342,-0.05513896539100571
1778876478,352629403,33.01024019464799,26.253095242831865,-0.05813962060611644
1778876478,551688710,33.06986533776135,26.31290151076153,-0.06414017729102817
1778876478,751575191,33.149310106528226,26.37646644723327,-0.07114085306912799
1778876478,951822579,33.20943255837926,26.432665406997533,-0.07714139775909956
1778876479,152993021,33.2489071050432,26.50375889606962,-0.07514189933482385
1778876479,351744309,33.31445882464886,26.554717431877975,-0.07014245400133312
1778876479,553101431,33.36708947623002,26.611308711985014,-0.05714296540052821
1778876479,751966504,33.40676015814683,26.653581860504065,-0.06614335029883556
1778876479,951625928,33.444179288119756,26.742113754748072,-0.060143916796086216
1778876480,151160928,33.497295829392144,26.82637038564055,-0.06614454809001558
1778876480,350995421,33.55810287471054,26.90120724993677,-0.07314518464066033
1778876480,553132358,33.59870607454929,26.95989907234235,-0.06814564617471497
1778876480,753237008,33.645751646741616,27.03424139552107,-0.06514620982827246
1778876480,954624016,33.72466044307376,27.08146293799479,-0.058146827097314
1778876481,155134408,33.81784012614698,27.113260460106538,-0.06314745601801874
1778876481,354641056,33.87657813687261,27.142832342541837,-0.05214789566301903
1778876481,555518647,33.950363616208776,27.18590940982143,-0.06114847118966793
1778876481,752454336,34.005185259871524,27.220706445794953,-0.0631489125354463
1778876481,954657177,34.083025091842565,27.273995301250118,-0.07014955738056727
1778876482,154523239,34.14013792042706,27.301445904741165,-0.0691499803797413
1778876482,352540960,34.20542239442053,27.344648325454664,-0.07015051597135802
1778876482,554962802,34.26746385829911,27.3688031747173,-0.07615095380880454
1778876482,754030044,34.32366607102024,27.409603342533536,-0.06715143131857282
1778876482,951717765,34.38630653693623,27.445429881221003,-0.07715192377335356
1778876483,154199249,34.44132995885019,27.50995363087196,-0.08615249904286948
1778876483,352126229,34.482742895065876,27.558978386689294,-0.08315293550391267
1778876483,553388253,34.53634786503906,27.616509788620952,-0.0921534738853449
1778876483,752805472,34.58749859089737,27.671611637134355,-0.10115398956359378
1778876483,952246386,34.63220612015916,27.72919318581927,-0.11015448374657133
1778876484,152654606,34.67895544994645,27.78081637796673,-0.10215496193930562
1778876484,352844336,34.75007275033764,27.841140088222204,-0.10915561341486324
1778876484,554584938,34.8239503427976,27.89450853515043,-0.103156249941744
1778876484,752400209,34.88593287827332,27.94395918011709,-0.10615680563811658
1778876484,953093935,34.92650312657915,28.004155694630093,-0.07515729245256786
1778876485,152768438,34.946967782825034,28.061823437552686,-0.07515765744329528
1778876485,353324626,35.02006219443025,28.120029157808762,-0.08415831458289169
1778876485,554542106,35.06974685786243,28.162161724284456,-0.09015877610708856
1778876485,754116120,35.09866976542726,28.21622103347522,-0.09215917315526667
1778876485,952891614,35.160986548078355,28.252288383088466,-0.09315967829707184
1778876486,153243799,35.225674475582764,28.303611904841834,-0.08316026311652713
1778876486,352695633,35.27528082305682,28.361064883803824,-0.08916079118790243
1778876486,553256710,35.32469831463,28.43253311611704,-0.08416138310768595
1778876486,754543110,35.37636577476123,28.49400306294229,-0.08416194502002128
1778876486,955069452,35.42782970029138,28.562006612609267,-0.10016253551148857
1778876487,154704079,35.47381618825904,28.61031235763643,-0.08016300871959103
1778876487,354618162,35.52001815217784,28.639773119111343,-0.07516339763282254
1778876487,554199399,35.56197362659036,28.70846645380024,-0.06816393984640001
1778876487,753889390,35.61246563328119,28.75823091489434,-0.06916444655056608
1778876487,955262472,35.67991618738592,28.822391877439973,-0.061165113468160115
1778876488,157042589,35.722092038748826,28.87473411629797,-0.05916558692718965
1778876488,354816442,35.773802248878894,28.939687128720134,-0.06616617220281107
1778876488,555760328,35.82248184816038,29.002176859118727,-0.06316672875615303
1778876488,755009602,35.88228374330527,29.060279079583758,-0.08016732962111384
1778876488,955430025,35.943597845667995,29.099404628032758,-0.08016785391997416
1778876489,154902528,35.99777841523667,29.13800827307536,-0.09416833795809687
1778876489,355333902,36.03879660945402,29.187789148132328,-0.08616879632278795
1778876489,555446287,36.05275266209967,29.232815534618684,-0.09016908028304904
1778876489,754727450,36.09655611611211,29.26998010957618,-0.08016949855932154
1778876489,953810722,36.13962643730061,29.300659968573918,-0.08616988523579927
1778876490,153368045,36.17578698762868,29.353221227606177,-0.08117033248438865
1778876490,352771658,36.21950549870775,29.402380951664018,-0.10117080720271154
1778876490,554582212,36.27153218674584,29.444806567079276,-0.10817129883362853
1778876490,753505604,36.305733380231395,29.47153818974882,-0.10417161737998626
1778876490,954115783,36.3584914901236,29.519617160659195,-0.11217214016774157
1778876491,154080391,36.400852292136534,29.57441189513508,-0.09717263634899886
1778876491,353527426,36.43282931165877,29.62444226722475,-0.09517305180447444
1778876491,553606348,36.48358935968748,29.663832596832577,-0.095173524497838
1778876491,753716889,36.52727092266198,29.6938730026051,-0.0831739159910505
1778876491,953790691,36.56304161577401,29.749684269789807,-0.0651743812643204
1778876492,153840358,36.61991957181322,29.786004437761108,-0.05517487709731839
1778876492,358155225,36.658051429052136,29.8520839499557,-0.07817540610076179
1778876492,554809706,36.706159409066395,29.87994200451451,-0.08417581285596576
1778876492,754589927,36.75336241228284,29.905513241649743,-0.08617620586170993
1778876492,955275618,36.81405642941044,29.959252064613853,-0.09717680839882448
1778876493,155338369,36.84643139363136,30.010188837648542,-0.10617723492793196
1778876493,356268690,36.91869439681777,30.04829353425629,-0.09517783302018579
1778876493,557589695,36.95942112318142,30.077849078793502,-0.09317820897963358
1778876493,762112502,37.01664128588354,30.104942268344857,-0.10017867015997517
1778876493,957654954,37.064445814475036,30.161978045390402,-0.08817921617048619
1778876494,158117837,37.113216615114766,30.21579757146213,-0.09117975562516634
1778876494,359482394,37.176758922261214,30.252248406005982,-0.09018029824284923
1778876494,558511694,37.215146770806626,30.283173381826025,-0.10218067057655311
1778876494,758481020,37.263637564941405,30.32258668223147,-0.08318114129199294
1778876494,956814073,37.31397863645106,30.350263910108044,-0.08018156748560124
1778876495,156980039,37.37717218911114,30.392616518672,-0.07818213970299048
1778876495,357049954,37.43114130124195,30.433597464267805,-0.0821826526878997
1778876495,557123475,37.47137636823164,30.488215641798128,-0.08018314901656254
1778876495,757786174,37.520946468612344,30.508418979065713,-0.07518353940458944
1778876495,955589883,37.55570879637902,30.545833083293804,-0.06318392222775415
1778876496,154094147,37.62014069520027,30.595219371114364,-0.07418454024354482
1778876496,354206802,37.655292685848394,30.629383304237212,-0.1081849112138471
1778876496,555488192,37.70488295755781,30.678523495667452,-0.1041854420261572
1778876496,755602010,37.758487222336555,30.717093446024016,-0.09818594483782306
1778876496,954799577,37.82054245769952,30.76686003423902,-0.09618655241932217
1778876497,154225452,37.901580895109504,30.797790307514383,-0.10318718425717854
1778876497,353265833,37.94420397701074,30.82075548450599,-0.10718754916204887
1778876497,553985729,37.985258348750655,30.833602494023168,-0.1271878574515597
1778876497,754225773,38.03427951194625,30.867903866801996,-0.11518831449861011
1778876497,952106056,38.076183980866276,30.928957544231295,-0.1351888619241013
1778876498,154263882,38.13227557855703,30.968452448304692,-0.13118938838428917
1778876498,355927901,38.14879576316728,30.998252167347488,-0.12118963256634885
1778876498,556930968,38.175422907823595,31.057164244283555,-0.08419007815294677
1778876498,756308763,38.243455429111314,31.10572248681403,-0.09719072418444874
1778876498,956071461,38.26784683960161,31.145022435641444,-0.10619106083911589
1778876499,157963098,38.31077685304817,31.17756434894604,-0.08519147867622756
1778876499,357499801,38.34873521391444,31.209918732731424,-0.09619186548349745
1778876499,555894260,38.3649228614951,31.25393309430437,-0.07319217772454323
1778876499,756972017,38.42086909745449,31.32988775102519,-0.0761928891618826
1778876499,953260070,38.472195043254345,31.382454326769068,-0.08219345599424166
1778876500,153174933,38.5457778963914,31.413934804504322,-0.09119405645901679
1778876500,354437037,38.58508201354026,31.45296554441305,-0.10919448730668968
1778876500,555045213,38.6184411220916,31.472738535291416,-0.11519478722932597
1778876500,755524287,38.63756655396269,31.527055069740094,-0.09919517103228692
1778876500,956003580,38.64746183616649,31.558544563856458,-0.09919538705630337
1778876501,155330820,38.645191592852655,31.576697603888313,-0.11019546248618539
1778876501,355337978,38.66697059324894,31.606285898437434,-0.10819574013298805
1778876501,555946534,38.72359013284244,31.62087610180382,-0.11219615690144913
1778876501,756085549,38.765088773944186,31.676867115366516,-0.09119668736006759
1778876501,954169654,38.8025733920164,31.743428343233404,-0.0771972472390825
1778876502,153106972,38.83060258482469,31.80101973321735,-0.08419770370282897
1778876502,352220491,38.87192179485317,31.838921773476216,-0.09719814482389388
1778876502,553146564,38.909439419052504,31.86688664364915,-0.09919851500909616
1778876502,753179619,38.93889448206938,31.91666541138946,-0.08219894412317785
1778876502,954097818,38.980904009850995,31.957569042180396,-0.0851994053132632
1778876503,153327775,39.00385518056555,31.997200206732852,-0.09219974389829133
1778876503,353973842,39.060610354826046,32.04452632058275,-0.09520032959971303
1778876503,554927266,39.1030809166933,32.08166471682844,-0.08920077720136987
1778876503,755158244,39.139791162174085,32.10199766041899,-0.1012011037544287
1778876503,954286921,39.166732998907506,32.17464261736836,-0.09220163606429921
1778876504,153916950,39.20560683363367,32.23323298086275,-0.10720217074451632
1778876504,353648389,39.25151731378706,32.242468380636225,-0.11120250037474477
1778876504,555219804,39.30303943547837,32.26621465771018,-0.11820293877987709
1778876504,752643659,39.33711140559166,32.300627122055076,-0.12420332349546293
1778876504,954484620,39.38093756446392,32.34942968158283,-0.10020384187067677
1778876505,154995012,39.43430454820994,32.41416813515129,-0.08420449993084667
1778876505,354836288,39.44998491100455,32.456801868770995,-0.10920481370029655
1778876505,555465072,39.49860474037298,32.52562582079206,-0.11420546658245989
1778876505,755233621,39.56176596988324,32.551352756618044,-0.1182059896349017
1778876505,955624920,39.59798293303959,32.595917037970494,-0.13220644229404854
1778876506,156459842,39.62702136263789,32.65377541288665,-0.12520691895033487
1778876506,357939754,39.625374429564204,32.69606941927806,-0.12620712442746473
1778876506,558386467,39.675469364465826,32.72679727534976,-0.1092075941005799
1778876506,757158725,39.70978035230439,32.772964284392685,-0.10720804400009243
1778876506,957572175,39.74081209241342,32.83701752718699,-0.09320856714274761
1778876507,158158229,39.801098568767756,32.8848622936242,-0.08120919169955698
1778876507,358217264,39.86118235144133,32.921110482505796,-0.0782097535734696
1778876507,558327675,39.93823916157193,32.94214495385131,-0.07621034610514243
1778876507,759879763,39.970239536273745,32.94859128549995,-0.0852105800659384
1778876507,956317126,40.000974999770825,32.9899253966221,-0.07021098753206267
1778876508,156470869,40.05530974073656,33.05227876593488,-0.08921165141327059
1778876508,356465943,40.10010372134691,33.09869629551514,-0.09021217284413297
1778876508,557274485,40.141047600063565,33.110238168769925,-0.09221249308592405
1778876508,757454928,40.181128293011355,33.14110637711306,-0.1202129055386898
1778876508,958951742,40.210338773379576,33.19476701556756,-0.09921336938335124
1778876509,158245339,40.24267509021729,33.22575309588937,-0.09321373346708484
1778876509,358209796,40.27755524157879,33.249667270192184,-0.09021407842516638
1778876509,557990368,40.33144776883487,33.2697082734516,-0.078214525722057
1778876509,759509294,40.36815392627656,33.30650880747428,-0.0982149496434861
1778876509,956522889,40.396982335676185,33.33048394001993,-0.1102152580547191
1778876510,158784290,40.44403590245014,33.37189081504376,-0.12621577358136626
1778876510,361523507,40.47680575895016,33.384979849300414,-0.11821604886261916
1778876510,559970094,40.52773456850848,33.41850979459579,-0.1152165495291495
1778876510,758615463,40.573762976370894,33.45133704776098,-0.1102170166152181
1778876510,959572645,40.6152275601373,33.45277933418412,-0.11421728674174503
1778876511,158803293,40.646036407798206,33.47629912434491,-0.1122176070049008
1778876511,359574335,40.68936021141437,33.489123278982916,-0.1212179512713707
1778876511,560036697,40.732096374480015,33.53318644900473,-0.11721845664824215
1778876511,760539294,40.78516359429625,33.573542985115935,-0.14121900823773714
1778876511,960692225,40.82844566999876,33.60184572884679,-0.11121943540378254
1778876512,159935648,40.88142513077593,33.6525351812196,-0.09822004240763782
1778876512,359089943,40.95520736900694,33.69394957940792,-0.1112207361536548
1778876512,559286857,41.03814066571387,33.71745826759206,-0.10522139375828488
1778876512,757316260,41.080644279351475,33.716000336195016,-0.10722165987821697
1778876512,957841259,41.12874013917934,33.71907789686605,-0.1152219878621139
1778876513,158598685,41.17300122080394,33.75081448472579,-0.12722244165471785
1778876513,357382265,41.25240240521579,33.791934708756095,-0.13722317493897052
1778876513,557572275,41.28255542288733,33.84887109631638,-0.18022367120241434
1778876513,756802303,41.30438624520552,33.905060483652754,-0.15622411098782685
1778876513,958530412,41.34206538816832,33.9419700938884,-0.15022455170860205
1778876514,157027643,41.35880098546738,33.99001645407297,-0.16422491606131473
1778876514,355986361,41.38080696446561,34.00657889077275,-0.14422514763946914
1778876514,556484801,41.38113637285417,34.02779345409757,-0.14122526137617442
1778876514,756550829,41.36232347884642,34.04160065173205,-0.13922521347334715
1778876514,958517726,41.34439063366497,34.063355734759426,-0.1262252129995467
1778876515,157447630,41.34108314309733,34.08524040321131,-0.1132253074669034
1778876515,357868203,41.34110669586418,34.11583993035476,-0.09222547063873066
1778876515,559546289,41.344517646991264,34.18424901102317,-0.08822585958715834
1778876515,760289889,41.34725757410534,34.259631803239145,-0.10622628037103787
1778876515,958971937,41.37012659184448,34.33105115251332,-0.08522681247068498
1778876516,159769589,41.405102045291,34.404010913079816,-0.0782274319639189
1778876516,358221014,41.43542751865088,34.49384157956912,-0.04622811371325675
1778876516,558898580,41.46808107622969,34.595445082035766,-0.04822887727818781
1778876516,759220368,41.508053107586065,34.700022977870745,-0.028229703534002226
1778876516,959724759,41.488158365079244,34.78743063004504,-0.03523004898477389
1778876517,158049667,41.49405910922503,34.87655745790417,-0.028230573882405352
1778876517,359128016,41.517690100112425,34.969424384218094,-0.029231236308326913
1778876517,559737985,41.508731348632594,35.08625263033109,-0.026231819097249698
1778876517,761522820,41.50838429973735,35.16716911927861,-0.014232261360353604
1778876517,960311429,41.48065076242156,35.261702281918645,0.016767399575524422
1778876518,161826999,41.467045033765295,35.35997212912755,0.010766945884796542
1778876518,362410478,41.435799612728005,35.46396203185607,0.03276657322139087
1778876518,562344899,41.40230556629869,35.54168958434933,0.01776635985822317
1778876518,761749414,41.366137130188,35.63333886267716,0.04076608456760056
1778876518,961618221,41.33843000888229,35.72304212419713,0.03676576281195132
1778876519,162315485,41.3045493847791,35.80568229809842,0.04076552179988546
1778876519,361399658,41.26514262111929,35.88077773091223,0.036765354935470285
1778876519,561886206,41.2277332353651,35.94560042205078,0.044765234653711516
1778876519,761558614,41.197390382661474,35.994992712240204,0.06676515190200405
1778876519,962154176,41.15133370656476,36.07743892895962,0.05576498651582362
1778876520,160907809,41.11846053186606,36.15951466904959,0.04676473546713922
1778876520,361775392,41.09608584194045,36.19410071064111,0.060764683120321905
1778876520,562617928,41.07453692641952,36.26442409525747,0.05576442362268885
1778876520,761659161,41.05117804336944,36.33017384205134,0.05676420156906836
1778876520,961732893,41.042274956652975,36.382952038138505,0.05476395900863196
1778876521,162911390,41.03417431197104,36.4037765597665,0.049763892628089224
1778876521,362342034,41.00245489956551,36.430698058966605,0.059763942765091116
1778876521,561826911,40.971763146747215,36.44890031986489,0.061764036537647726
1778876521,762355607,40.973671669783215,36.46709045458098,0.06476392093426497
1778876521,962689077,40.96899970892556,36.491284760321236,0.060763813643184506
1778876522,162720409,40.946487686474555,36.52939522430555,0.06076374000129903
1778876522,361141308,40.931647591643234,36.56707203304066,0.0597636201647056
1778876522,561311541,40.88765704683841,36.65602921267074,0.07976339499212237
1778876522,761267502,40.83900332714012,36.755206817955475,0.08176313656550427
1778876522,963051255,40.79274021298153,36.87961602884258,0.10376271742592635
1778876523,162799105,40.739851255859534,36.98675341829534,0.09676243713083998
1778876523,362647154,40.67187751590947,37.061266048735355,0.08176243958528318
1778876523,563082565,40.615844983378324,37.10775057778945,0.09676252762975324
1778876523,762650377,40.59980037089258,37.15585053854092,0.09476235068914818
1778876523,964764651,40.57402995184108,37.18556208383216,0.08476234158647244
1778876524,164040244,40.53616105229461,37.18079784637798,0.07276261155383956
1778876524,364028817,40.48458477174715,37.18484115780384,0.0687629173143236
1778876524,565556349,40.45518470078319,37.20041771894371,0.06676301312223565
1778876524,766314276,40.403883712910776,37.216373507304795,0.06176324725211657
1778876524,967459460,40.3796949511988,37.26285349505397,0.06976312957449338
1778876525,164373468,40.36319574908886,37.280952114795376,0.058763128247004914
1778876525,364230744,40.30843294864145,37.29504267712258,0.04776339348099512
1778876525,566014638,40.2508536016923,37.32408557854298,0.064763588565663
1778876525,767648029,40.2213776457345,37.37477530959504,0.0607634791052476
1778876525,965350438,40.175269358931416,37.43062059463673,0.058763443447078956
1778876526,165550257,40.18216871284815,37.496065142744754,0.05776301692660901
1778876526,366960839,40.145913801264385,37.52469499586444,0.0687630781721893
1778876526,567370953,40.11839152606919,37.54266731617973,0.06276314583121234
1778876526,766027033,40.11120081489711,37.56827259558523,0.07076304070193196
1778876526,967471629,40.069097523433285,37.62752133013777,0.051762956362404466
1778876527,165880896,40.042649942971806,37.69797342280104,0.06676270896732817
1778876527,365374278,40.02651981672483,37.776198922179965,0.07176234689859484
1778876527,566036445,39.97743904236506,37.82241536224657,0.07876238291867388
1778876527,766396064,39.95127563188479,37.89080613370638,0.09276214182888154
1778876527,965592248,39.91940850083774,37.97148635122457,0.10176186448096125
1778876528,162696974,39.88506195183352,38.01830619252803,0.08976180086920671
1778876528,366044224,39.832929688092975,38.0883444998625,0.12176170966145072
1778876528,563610227,39.798290122954995,38.15119948917331,0.1147615529357715
1778876528,763031564,39.788056677835684,38.22374439671451,0.12576118291657679
1778876528,963121907,39.781892075323356,38.31398256704226,0.1297606822108648
1778876529,162321026,39.76273602809592,38.392238494094954,0.11876033113255602
1778876529,362787045,39.752532397088174,38.46161620279308,0.12075997710682351
1778876529,561859978,39.71452963859322,38.53622252703637,0.12675976518511334
1778876529,762105603,39.70942420815804,38.615405612069225,0.1267593196579675
1778876529,961806545,39.71208925580309,38.70777153515071,0.13375874339240745
1778876530,163113252,39.68831462225541,38.80056243509538,0.13275832751472372
1778876530,363787923,39.67169853304971,38.88821424216284,0.14275790044293046
1778876530,566259388,39.62980120406216,38.960722157818445,0.13675772065611014
1778876530,765494395,39.604552375430075,39.03638734360613,0.13175741561254384
1778876530,967490658,39.56633655841213,39.112539728677,0.14875718672731963
1778876531,165842266,39.51929184195682,39.168434105013816,0.15475713718016237
1778876531,364287790,39.472562625052774,39.25702281583867,0.13175688407388364
1778876531,565513796,39.42559792814243,39.335519838366814,0.15075669117460855
1778876531,767052319,39.376793199537836,39.412610185492724,0.14475651848357174
1778876531,964132309,39.3531638818825,39.5060329872919,0.1427560889285715
1778876532,163342058,39.31826836558289,39.604042504076524,0.12575569753392557
1778876532,362921172,39.30801791422274,39.686404750386984,0.1257552491274403
1778876532,564255862,39.26762241199077,39.753078659874646,0.15475508563040918
1778876532,763978745,39.22904483986627,39.828482491488245,0.15875485316978555
1778876532,963016832,39.193033675431536,39.90845230868668,0.15375457567233397
1778876533,163656617,39.13994768351504,39.9883567634574,0.1367544037094639
1778876533,362965012,39.090961343819046,40.064657266195965,0.13575422697846307
1778876533,563433315,39.04917789912308,40.1401330022286,0.13675400957130357
1778876533,764566788,39.01728087765435,40.22398034966186,0.13975367758573753
1778876533,963001732,39.02154843588299,40.26973788307901,0.14775336367110903
1778876534,163468021,38.98218460898383,40.31122489349954,0.16675334363808147
1778876534,362889188,38.949665888243494,40.334670874712465,0.1657533947913432
1778876534,562901455,38.960447598563974,40.34034160851186,0.16375329232625369
1778876534,763370649,38.95922695505625,40.342451975511466,0.16675328709360748
1778876534,961076404,38.94188658721872,40.33546188869055,0.16675343659968433
1778876535,163096321,38.93744071060909,40.32766880981543,0.17075351322641552
1778876535,364230275,38.93677707826353,40.3198375442448,0.16875356759989302
1778876535,565149785,38.93385220287554,40.31618562371112,0.17475360747487834
1778876535,765690955,38.93079810642103,40.32021455476203,0.1717536015622727
1778876535,968076419,38.928150877735504,40.31117612394679,0.16675367281515108
1778876536,164246219,38.92905425363194,40.3126316661795,0.164753659743182
1778876536,364714723,38.92624640605955,40.31361004214131,0.1647536708733366
1778876536,566515799,38.9273928244131,40.310352492431875,0.1697536849159622
1778876536,764797966,38.93078033250474,40.31107045635236,0.17075365921571262
1778876536,965403006,38.92814768444764,40.30951359953199,0.1727536848110116
1778876537,166395323,38.928007199694704,40.311375526263305,0.1707536749728149
1778876537,367878873,38.93059223166576,40.30695545822406,0.17175368689200354
1778876537,565422444,38.929358648119916,40.30241555876163,0.17175372324893345
1778876537,768523802,38.928670017167576,40.30024530941219,0.17375374103992236
1778876537,964763523,38.92935377171564,40.29992168263695,0.16675373775294844
1778876538,165757223,38.928088735512915,40.297717682392395,0.17175376083446814
1778876538,366128594,38.93228031717824,40.30440494120962,0.16975369278496721
1778876538,566265124,38.930702811061394,40.30826064275867,0.16775367689776566
1778876538,765623483,38.93015622448133,40.3050596900849,0.16275370088688312
1778876538,966281713,38.93044366482356,40.30466097298744,0.16875370169861625
1778876539,165130955,38.932788928735434,40.306616603157025,0.16975367483410686
1778876539,364667909,38.928146061977536,40.30868231237814,0.1717536904476571
1778876539,565809266,38.925341420460555,40.31132322383133,0.16775369064968615
1778876539,766045784,38.92562709349446,40.31009306913423,0.14875369702128438
1778876539,965818661,38.92480605450627,40.31394115319807,0.1487536786093422
1778876540,165823464,38.92617527079653,40.314125276467585,0.14975366679813362
1778876540,366318718,38.92736118118099,40.31268819508205,0.14375367005109574
1778876540,566044677,38.92725218083304,40.312214255089756,0.14175367408569528
1778876540,766096618,38.92408265409338,40.31244415265169,0.14175369112622072
1778876540,964963714,38.92537919323543,40.31231230515838,0.13975368411431965
